onset	duration	trial_type	value	sample
4.5	n/a	NonTarget	1	1152
4.625	n/a	NonTarget	1	1184
4.75	n/a	NonTarget	1	1216
4.875	n/a	NonTarget	1	1248
5.0	n/a	NonTarget	1	1280
5.125	n/a	NonTarget	1	1312
5.25	n/a	NonTarget	1	1344
5.375	n/a	NonTarget	1	1376
5.5	n/a	NonTarget	1	1408
5.625	n/a	NonTarget	1	1440
5.75	n/a	Target	2	1472
5.875	n/a	NonTarget	1	1504
6.0	n/a	NonTarget	1	1536
6.125	n/a	NonTarget	1	1568
6.25	n/a	NonTarget	1	1600
6.375	n/a	NonTarget	1	1632
6.5	n/a	NonTarget	1	1664
6.625	n/a	NonTarget	1	1696
6.75	n/a	NonTarget	1	1728
6.875	n/a	Target	2	1760
7.0	n/a	NonTarget	1	1792
7.125	n/a	NonTarget	1	1824
7.25	n/a	NonTarget	1	1856
7.375	n/a	NonTarget	1	1888
7.5	n/a	NonTarget	1	1920
7.625	n/a	NonTarget	1	1952
7.75	n/a	NonTarget	1	1984
7.875	n/a	NonTarget	1	2016
8.0	n/a	NonTarget	1	2048
8.125	n/a	NonTarget	1	2080
8.25	n/a	Target	2	2112
8.375	n/a	NonTarget	1	2144
8.5	n/a	NonTarget	1	2176
8.625	n/a	NonTarget	1	2208
8.75	n/a	NonTarget	1	2240
8.875	n/a	NonTarget	1	2272
9.0	n/a	NonTarget	1	2304
9.125	n/a	NonTarget	1	2336
9.25	n/a	NonTarget	1	2368
9.375	n/a	NonTarget	1	2400
9.5	n/a	NonTarget	1	2432
9.625	n/a	NonTarget	1	2464
9.75	n/a	Target	2	2496
9.875	n/a	NonTarget	1	2528
10.0	n/a	NonTarget	1	2560
10.125	n/a	NonTarget	1	2592
10.25	n/a	NonTarget	1	2624
10.375	n/a	NonTarget	1	2656
10.5	n/a	NonTarget	1	2688
14.125	n/a	NonTarget	1	3616
14.25	n/a	NonTarget	1	3648
14.375	n/a	NonTarget	1	3680
14.5	n/a	Target	2	3712
14.625	n/a	NonTarget	1	3744
14.75	n/a	NonTarget	1	3776
14.875	n/a	NonTarget	1	3808
15.0	n/a	NonTarget	1	3840
15.125	n/a	NonTarget	1	3872
15.25	n/a	NonTarget	1	3904
15.375	n/a	NonTarget	1	3936
15.5	n/a	NonTarget	1	3968
15.625	n/a	NonTarget	1	4000
15.75	n/a	NonTarget	1	4032
15.875	n/a	NonTarget	1	4064
16.0	n/a	NonTarget	1	4096
16.125	n/a	NonTarget	1	4128
16.25	n/a	Target	2	4160
16.375	n/a	NonTarget	1	4192
16.5	n/a	NonTarget	1	4224
16.625	n/a	NonTarget	1	4256
16.75	n/a	NonTarget	1	4288
16.875	n/a	NonTarget	1	4320
17.0	n/a	NonTarget	1	4352
17.125	n/a	NonTarget	1	4384
17.25	n/a	Target	2	4416
17.375	n/a	NonTarget	1	4448
17.5	n/a	NonTarget	1	4480
17.625	n/a	NonTarget	1	4512
17.75	n/a	NonTarget	1	4544
17.875	n/a	NonTarget	1	4576
18.0	n/a	NonTarget	1	4608
21.625	n/a	NonTarget	1	5536
21.75	n/a	NonTarget	1	5568
21.875	n/a	NonTarget	1	5600
22.0	n/a	Target	2	5632
22.125	n/a	NonTarget	1	5664
22.25	n/a	NonTarget	1	5696
22.375	n/a	NonTarget	1	5728
22.5	n/a	NonTarget	1	5760
22.625	n/a	NonTarget	1	5792
22.75	n/a	NonTarget	1	5824
22.875	n/a	NonTarget	1	5856
23.0	n/a	NonTarget	1	5888
23.125	n/a	NonTarget	1	5920
23.25	n/a	NonTarget	1	5952
23.375	n/a	Target	2	5984
23.5	n/a	NonTarget	1	6016
23.625	n/a	NonTarget	1	6048
23.75	n/a	NonTarget	1	6080
23.875	n/a	NonTarget	1	6112
24.0	n/a	NonTarget	1	6144
24.125	n/a	NonTarget	1	6176
24.25	n/a	NonTarget	1	6208
24.375	n/a	NonTarget	1	6240
24.5	n/a	NonTarget	1	6272
28.125	n/a	NonTarget	1	7200
28.25	n/a	NonTarget	1	7232
28.375	n/a	NonTarget	1	7264
28.5	n/a	Target	2	7296
28.625	n/a	NonTarget	1	7328
28.75	n/a	NonTarget	1	7360
28.875	n/a	NonTarget	1	7392
29.0	n/a	NonTarget	1	7424
29.125	n/a	NonTarget	1	7456
29.25	n/a	NonTarget	1	7488
29.375	n/a	NonTarget	1	7520
29.5	n/a	NonTarget	1	7552
29.625	n/a	Target	2	7584
29.75	n/a	NonTarget	1	7616
29.875	n/a	NonTarget	1	7648
30.0	n/a	NonTarget	1	7680
30.125	n/a	NonTarget	1	7712
30.25	n/a	NonTarget	1	7744
30.375	n/a	NonTarget	1	7776
30.5	n/a	NonTarget	1	7808
30.625	n/a	NonTarget	1	7840
30.75	n/a	NonTarget	1	7872
30.875	n/a	NonTarget	1	7904
31.0	n/a	NonTarget	1	7936
31.125	n/a	NonTarget	1	7968
31.25	n/a	NonTarget	1	8000
31.375	n/a	NonTarget	1	8032
31.5	n/a	Target	2	8064
31.625	n/a	NonTarget	1	8096
31.75	n/a	NonTarget	1	8128
31.875	n/a	NonTarget	1	8160
32.0	n/a	NonTarget	1	8192
32.125	n/a	NonTarget	1	8224
32.25	n/a	NonTarget	1	8256
